{"cameraMode":{"drawMode":0,"name":"Shaded","section":"Shading Mode"},"sceneLighting":false,"audioPlay":false,"sceneViewState":{"showFog":true,"showMaterialUpdate":false,"showSkybox":false,"showFlares":true,"showImageEffects":true,"showParticleSystems":true},"in2DMode":false,"pivot":{"x":2.371917486190796,"y":1.7672208547592164,"z":-0.47562453150749209},"rotation":{"x":-0.2253996729850769,"y":0.1777050644159317,"z":-0.041854068636894229,"w":-0.9570084810256958},"size":0.7649999260902405,"orthographic":false}