{"cameraMode":{"drawMode":0,"name":"Shaded","section":"Shading Mode"},"sceneLighting":false,"audioPlay":false,"sceneViewState":{"showFog":true,"showMaterialUpdate":false,"showSkybox":false,"showFlares":true,"showImageEffects":true,"showParticleSystems":true},"in2DMode":false,"pivot":{"x":2.5045831203460695,"y":0.13678409159183503,"z":-4.575392723083496},"rotation":{"x":-0.1694488227367401,"y":0.32213741540908816,"z":-0.05872243270277977,"w":-0.9295557141304016},"size":5.3312273025512699,"orthographic":false}