{"cameraMode":{"drawMode":0,"name":"Shaded","section":"Shading Mode"},"sceneLighting":false,"audioPlay":false,"sceneViewState":{"showFog":true,"showMaterialUpdate":false,"showSkybox":false,"showFlares":true,"showImageEffects":true,"showParticleSystems":true},"in2DMode":false,"pivot":{"x":0.722000002861023,"y":1.2799999713897706,"z":-1.600000023841858},"rotation":{"x":-0.2020794153213501,"y":0.34586670994758608,"z":-0.07654749602079392,"w":-0.9130616188049316},"size":0.7786044478416443,"orthographic":false}