{"cameraMode":{"drawMode":0,"name":"Shaded","section":"Shading Mode"},"sceneLighting":false,"audioPlay":false,"sceneViewState":{"showFog":true,"showMaterialUpdate":false,"showSkybox":false,"showFlares":true,"showImageEffects":true,"showParticleSystems":true},"in2DMode":false,"pivot":{"x":-3.251160144805908,"y":1.9241278171539307,"z":-3.6677398681640627},"rotation":{"x":0.2642419934272766,"y":-0.5808911323547363,"z":0.2069931924343109,"w":0.7415494918823242},"size":10.15813159942627,"orthographic":false}