{"cameraMode":{"drawMode":0,"name":"Shaded","section":"Shading Mode"},"sceneLighting":false,"audioPlay":false,"sceneViewState":{"showFog":true,"showMaterialUpdate":false,"showSkybox":false,"showFlares":true,"showImageEffects":true,"showParticleSystems":true},"in2DMode":false,"pivot":{"x":-67.54021453857422,"y":-88.79888153076172,"z":10.343185424804688},"rotation":{"x":-0.33638226985931399,"y":0.5854182243347168,"z":-0.29040756821632388,"w":-0.678097128868103},"size":56.84932327270508,"orthographic":false}